ID,Body_Length,Genotype
AF16-167203,120,CC
AF18-167103,123,CT
AF18-171003,126,TT
AF18-172003,127,TT
AF18-309803,121,TT
AF18-311801,123,TT
AF18-180405,119,TT
AF18-180407,127,TT
AF18-181203,127,CT
AF18-181205,121,TT
AF18-177805,118,TT
AF18-179703,120,CT
AF18-327801,127,TT
AF18-327803,126,TT
AF18-321901,128,CT
AF18-321903,122,TT
AF18-189701,122,TT
AF18-189703,132,TT
AF18-183603,123,TT
AF18-183303,121,CT
AF18-183305,118,CT
AF18-188103,120,TT
AF18-188005,120,TT
AF18-188007,124,TT
AF18-189603,121,TT
AF18-188601,118,TT
AF14-282703,123,TT
AF16-298401,123,TT
AF14-283605,127,CT
AF16-298403,129,CT
AF14-185705,125,CT
AF16-128101,126,TT
AF14-285001,122,CC
AF16-127109,128,CT
AF14-188901,129,CT
AF16-127501,126,CT
AF14-191705,127,CT
AF16-132201,125,TT
AF14-193005,120,TT
AF16-138207,119,TT
AF14-196807,123,TT
AF16-139601,123,TT
AF14-286801,120,TT
AF16-139603,120,CT
AF16-297301,124,TT
AF14-286805,124,TT
AF16-140101,117,CT
AF14-204205,121,CT
AF16-295201,128,TT
AF16-295209,124,TT
AF14-211801,127,TT
AF16-165701,125,TT
AF16-165703,121,CT
AF14-211003,123,CT
AF16-166501,125,TT
AF16-167001,130,CT
AF14-211303,123,CT
AF16-167501,125,CT
AF14-214703,120,TT
AF16-166901,121,CT
AF16-169501,117,TT
AF15-297803,132,TT
AF16-140001,115,TT
AF16-141301,129,TT
AF16-141101,123,TT
AF16-140801,122,TT
AF16-140803,125,CT
AF16-140501,126,TT
AF16-140503,125,CT
AF16-140505,121,TT
AF16-140601,117,TT
AF16-297201,124,TT
AF16-140703,121,TT
AF16-167701,129,CC
AF16-169503,122,TT
AF16-168501,120,CT
AF16-168203,125,CT
AF16-168607,119,CT
AF16-169703,121,CT
AF16-173105,125,CC
AF16-171601,120,TT
AF16-171903,127,CT
AF16-173103,120,CT
AF16-173107,125,CT
AF14-221001,128,TT
AF16-170203,119,CT
AF15-135205,129,CC
AF16-140705,123,TT
AF15-135003,122,TT
AF16-140707,123,TT
AF16-141401,124,TT
AF15-294703,127,CT
AF16-143101,125,CT
AF15-141101,123,CC
AF16-142201,121,TT
AF16-142301,122,CT
AF16-142305,124,CT
AF15-292401,132,CC
AF16-142203,123,TT
AF15-210603,123,TT
AF16-142205,122,TT
AF16-141501,117,CT
AF16-141503,120,TT
AF14-222003,127,CT
AF16-172001,126,CT
AF14-220501,123,TT
AF16-171803,132,CC
AF14-220503,122,TT
AF16-171201,128,CC
AF14-220803,126,TT
AF16-173505,131,CT
AF14-222201,123,CT
AF16-295003,125,CT
AF14-223301,127,CT
AF16-174205,120,TT
AF15-100301,124,TT
AF16-173801,125,CT
AF15-100701,131,CT
AF15-101903,123,CT
AF16-175803,121,TT
AF15-101501,123,CT
AF16-175701,130,CT
AF15-104801,116,TT
AF16-294701,121,CT
AF16-294601,128,CT
AF16-142401,122,CC
AF15-209203,125,TT
AF16-143403,121,CT
AF15-213205,126,CT
AF16-144001,122,TT
AF15-211101,122,TT
AF16-142801,120,CT
AF15-215601,124,CT
AF16-142701,120,TT
AF15-215501,123,TT
AF15-215401,125,TT
AF16-143305,118,TT
AF15-215405,125,CT
AF16-143001,123,TT
AF16-143003,120,TT
AF16-143007,122,TT
AF15-288501,124,CT
AF16-144401,129,CT
AF16-176503,131,CT
AF16-177707,123,TT
AF16-179701,129,TT
AF16-178901,124,CT
AF16-179803,125,TT
AF16-179805,123,TT
AF15-108801,124,CT
AF16-179807,127,TT
AF15-109201,127,CC
AF16-179703,125,CC
AF15-189301,123,CT
AF16-179705,128,CC
AF15-190003,125,TT
AF16-179707,130,CT
AF15-193101,118,TT
AF16-179103,127,CT
AF16-145201,119,TT
AF16-144801,114,TT
AF16-145701,126,CT
AF15-218809,120,CT
AF16-145703,122,CC
AF15-218001,124,TT
AF16-145303,116,TT
AF15-219803,123,CT
AF16-297101,121,TT
AF15-220005,118,TT
AF15-287903,128,TT
AF15-287901,130,TT
AF16-146001,119,TT
AF15-221805,127,TT
AF16-146803,127,CT
AF15-193403,120,TT
AF16-179105,124,CT
AF15-191403,124,TT
AF16-179001,126,CT
AF15-191101,117,TT
AF16-179601,131,CT
AF15-191201,123,CT
AF16-179605,124,TT
AF15-200905,133,CT
AF16-179003,125,CT
AF15-201605,127,CC
AF16-180301,120,TT
AF16-180303,124,TT
AF16-179401,127,CC
AF16-179301,127,CC
AF16-297203,121,TT
AF16-180201,128,CC
AF16-152903,119,TT
AF16-179901,128,CT
AF16-152905,120,TT
AF16-179903,126,CT
AF16-145901,122,TT
AF16-145903,128,TT
AF16-147001,123,TT
AF16-146901,128,TT
AF16-148903,123,CT
AF15-235303,125,CT
AF16-148201,121,TT
AF16-150403,128,TT
AF16-149301,120,CT
AF16-152907,125,CT
AF16-180203,134,CC
AF16-152603,120,CT
AF16-181703,132,CT
AF16-153503,116,TT
AF16-181503,116,TT
AF16-154701,124,TT
AF16-180803,118,TT
AF16-154201,117,TT
AF16-180901,124,TT
AF16-154901,124,TT
AF16-180903,130,CT
AF16-154501,122,TT
AF16-182001,127,CT
AF16-155801,125,TT
AF16-181103,124,TT
AF16-156803,121,CT
AF16-182205,120,TT
AF16-296101,125,TT
AF16-182207,125,TT
AF16-296103,121,TT
AF16-182101,124,CT
AF15-239001,131,CT
AF16-150401,130,TT
AF15-239005,133,CT
AF16-150405,126,TT
AF16-241301,124,CT
AF16-149905,120,CT
AF16-148701,119,TT
AF16-149701,123,CT
AF16-149801,124,TT
AF16-118903,125,TT
AF16-149803,123,TT
AF16-126701,126,CT
AF16-149805,123,TT
AF16-121201,120,TT
AF16-149405,123,TT
AF16-296001,130,TT
AF16-181801,122,CT
AF16-157101,122,CT
AF16-181803,133,CT
AF16-295907,113,TT
AF16-293401,127,CC
AF16-295901,117,CT
AF16-182701,128,CT
AF16-157801,120,TT
AF16-183103,125,TT
AF16-158701,130,TT
AF16-159001,129,CT
AF16-182503,129,CT
AF16-295807,122,TT
AF16-183601,120,CT
AF16-158001,126,CT
AF16-183403,126,CT
AF16-295801,121,TT
AF16-183405,129,CT
AF16-295809,119,CT
AF16-183501,119,TT
AF16-158205,126,TT
AF16-183503,118,CT
AF16-121203,118,TT
AF16-123103,127,CT
AF16-150603,123,TT
AF16-126103,120,CT
AF16-150609,129,CT
AF16-126105,120,TT
AF16-151803,120,TT
AF16-126403,127,CC
AF16-297001,121,CT
AF16-298901,122,TT
AF16-296701,127,CT
AF16-122305,128,TT
AF16-298903,120,TT
AF16-152301,123,CT
AF16-298905,128,TT
AF16-152403,123,CC
AF16-124901,122,CT
AF16-296601,118,TT
AF16-125409,123,CT
AF14-203601,122,CT
AF16-125203,126,TT
AF14-204201,122,TT
AF16-158801,133,CT
AF16-160301,132,TT
AF16-182803,119,TT
AF16-160105,122,TT
AF16-182901,127,CT
AF16-182905,127,CC
AF16-161303,120,CT
AF16-185303,125,CT
AF16-162403,128,CT
AF16-184401,119,TT
AF16-184201,119,TT
AF16-295401,128,CT
AF16-184203,118,CT
AF16-166003,122,TT
AF16-184807,121,TT
AF16-164105,125,TT
AF16-184603,116,CT
AF16-164107,125,TT
AF16-184803,120,CT
AF16-166001,123,TT
AF16-184903,126,CT
AF16-293301,123,TT
AF16-198003,129,CC
AF16-198803,132,CT
AF16-291205,131,TT
AF16-185903,121,TT
AF16-291201,123,TT
AF16-186303,133,CC
AF16-198701,126,TT
AF16-186305,125,CT
AF16-198705,131,CT
AF16-198707,123,CT
AF16-186803,131,TT
AF16-199503,125,TT
AF16-186601,126,CT
AF16-199605,126,TT
AF16-186101,131,CT
AF16-200201,126,TT
AF16-187403,127,TT
AF16-200001,126,TT
AF16-187601,120,CT
AF16-208605,124,TT
AF16-215801,122,CT
AF16-289203,130,CT
AF16-215803,121,CT
AF16-289201,124,CT
AF16-216901,118,TT
AF16-289507,120,TT
AF16-216203,121,TT
AF16-289301,122,TT
AF16-216205,126,TT
AF16-289503,125,TT
AF16-216405,122,TT
AF16-289505,123,TT
AF16-216401,127,TT
AF16-208301,119,TT
AF16-216403,121,TT
AF16-209103,124,CT
AF16-216701,122,TT
AF16-289001,121,TT
AF16-216301,121,TT
AF16-289003,119,TT
AF16-216303,120,TT
AF16-289005,123,TT
AF16-216501,122,CT
AF16-200401,130,CT
AF16-188103,128,TT
AF16-188203,123,CT
AF16-186703,121,TT
AF16-188205,123,TT
AF16-188303,131,CC
AF16-187301,118,TT
AF16-201101,124,CT
AF16-187303,121,TT
AF16-200603,124,TT
AF16-188601,129,CT
AF16-189301,125,CT
AF16-189303,124,CT
AF16-201203,127,TT
AF16-190101,122,CT
AF16-201205,127,TT
AF16-289007,122,TT
AF16-216603,124,CT
AF16-209101,124,TT
AF16-217401,125,CC
AF16-209903,123,TT
AF16-217501,125,CT
AF16-209907,130,TT
AF16-217001,121,CT
AF16-209909,125,TT
AF16-217201,128,CT
AF16-217203,125,CT
AF16-208805,126,TT
AF16-217205,131,CC
AF16-208807,128,CT
AF16-217207,122,CT
AF16-209603,132,CT
AF16-217003,129,CC
AF16-209605,123,TT
AF16-217703,121,TT
AF16-209201,127,CT
AF16-217903,124,CC
AF16-209203,128,TT
AF16-218601,123,CT
AF16-189001,123,TT
AF16-202301,124,TT
AF16-189401,126,CT
AF16-290501,125,TT
AF16-189403,123,CT
AF16-202203,127,CT
AF16-190103,123,TT
AF16-203101,123,CT
AF16-190105,123,CT
AF16-203103,117,CT
AF16-202701,126,CT
AF16-188703,124,TT
AF16-189203,130,CC
AF16-203001,130,TT
AF16-188801,129,CT
AF16-203003,122,TT
AF16-191301,127,CT
AF16-191303,121,TT
AF16-204303,121,CT
AF16-210001,130,CT
AF16-218603,129,CC
AF16-210003,126,CT
AF16-218201,120,TT
AF16-210007,117,TT
AF16-218401,128,CC
AF16-209801,124,TT
AF16-209803,129,CC
AF16-210201,120,TT
AF16-288701,126,CC
AF16-218703,120,TT
AF16-210905,121,TT
AF16-218301,125,CT
AF16-210601,129,CT
AF16-219001,125,CT
AF16-210801,130,CT
AF16-219003,128,TT
AF16-210805,130,CT
AF16-288401,126,CT
AF16-219801,123,CT
AF16-190701,123,TT
AF16-203203,119,CC
AF16-190703,125,CT
AF16-202801,129,CT
AF16-191703,123,CT
AF16-202803,130,CT
AF16-192101,127,CC
AF16-203201,125,CT
AF16-192103,124,CT
AF16-203205,118,TT
AF16-192001,119,TT
AF16-203901,120,TT
AF16-292801,130,CT
AF16-290401,126,CT
AF16-192003,125,TT
AF16-204205,120,CC
AF16-192005,130,TT
AF16-292803,122,TT
AF16-204201,120,CC
AF16-193001,120,TT
AF16-204203,123,CC
AF16-193003,119,TT
AF16-204601,120,TT
AF16-288403,133,CT
AF16-219803,122,CT
AF16-210301,132,CC
AF16-219303,132,TT
AF16-211403,126,CT
AF16-219201,126,CT
AF16-211405,122,TT
AF16-219203,125,TT
AF16-211407,123,CT
AF16-287101,129,CC
AF16-211601,121,TT
AF16-287103,137,CT
AF16-211701,116,TT
AF16-286703,133,TT
AF16-211705,125,TT
AF16-220101,129,CT
AF16-211603,124,TT
AF16-220103,127,TT
AF16-211501,125,CT
AF16-222003,124,TT
AF16-211503,119,TT
AF16-220903,125,CT
AF16-288301,118,CT
AF16-193101,121,CC
AF16-204605,128,CT
AF16-193103,128,CT
AF16-204401,127,TT
AF16-192301,126,CC
AF16-192305,127,CT
AF16-204501,126,CT
AF16-192401,130,TT
AF16-204503,120,TT
AF16-192703,125,TT
AF16-205301,124,TT
AF16-193501,127,CC
AF16-205305,130,TT
AF16-292901,126,CT
AF16-204901,125,TT
AF16-292903,121,CC
AF16-204905,126,CT
AF16-194003,123,TT
AF16-194203,119,CT
AF16-204703,120,TT
AF16-194205,118,TT
AF16-212303,124,CT
AF16-220807,130,CT
AF16-288303,123,CT
AF16-222303,129,CT
AF16-211901,119,CT
AF16-220703,122,TT
AF16-288305,122,TT
AF16-220705,127,TT
AF16-288501,126,TT
AF16-222301,130,TT
AF16-212105,122,TT
AF16-221401,114,TT
AF16-211801,121,TT
AF16-222901,122,TT
AF16-211805,122,TT
AF16-222903,126,CT
AF16-212701,123,TT
AF16-223403,125,TT
AF16-288103,121,CT
AF16-223101,119,TT
AF16-288105,127,CT
AF16-222701,131,TT
AF16-212501,126,CT
AF16-222601,118,TT
AF16-194207,118,TT
AF16-194209,128,CT
AF16-205703,126,CT
AF16-292701,118,TT
AF16-206203,129,CC
AF16-292703,119,CT
AF16-205701,131,CT
AF16-292705,119,CT
AF16-205705,130,CT
AF16-194401,118,TT
AF16-205901,128,CT
AF16-194903,125,CT
AF16-205803,128,CT
AF16-194901,126,TT
AF16-206301,121,CT
AF16-196003,134,CT
AF16-206303,127,CC
AF16-292403,123,TT
AF16-194503,123,TT
AF16-206803,130,TT
AF16-194505,125,TT
AF16-288001,126,TT
AF16-222603,123,CT
AF16-212603,123,CT
AF16-222801,126,CT
AF16-213101,124,CC
AF16-222803,121,CC
AF16-213001,125,CC
AF16-224401,125,TT
AF16-213003,119,CT
AF16-224403,119,TT
AF16-213103,120,CT
AF16-224501,129,TT
AF16-213105,121,CT
AF16-224503,126,CT
AF16-213501,120,TT
AF16-224903,123,CT
AF16-213401,124,TT
AF16-224905,127,TT
AF16-213201,126,CC
AF16-224801,120,CT
AF16-213203,120,CT
AF16-224807,125,CT
AF16-213205,118,TT
AF16-286503,NA,CT
AF16-194701,129,TT
AF16-206701,121,TT
AF16-196403,127,CT
AF16-207501,126,TT
AF16-196701,125,TT
AF16-289603,126,TT
AF16-196601,120,TT
AF16-289605,130,CT
AF16-196503,127,CT
AF16-207401,127,CT
AF16-196603,125,CT
AF16-289409,124,TT
AF16-291701,123,TT
AF16-207901,123,TT
AF16-291703,123,TT
AF16-207903,128,CT
AF16-291601,124,TT
AF16-207905,125,CT
AF16-291609,122,TT
AF16-207907,132,CT
AF16-196903,123,TT
AF16-207909,127,TT
AF16-213601,128,CT
AF16-286403,127,CT
AF16-213603,126,CT
AF16-225103,110,TT
AF16-213703,118,TT
AF16-225105,124,TT
AF16-213705,123,TT
AF16-286401,121,CT
AF16-214101,132,CT
AF16-225801,129,CT
AF16-214301,121,TT
AF16-226603,125,CT
AF16-214303,123,TT
AF16-226303,127,CT
AF16-214505,122,TT
AF13-186601,126,CT
AF16-287601,118,TT
AF13-143007,120,CT
AF16-287603,120,TT
AF16-287605,118,TT
AF13-163103,123,TT
AF16-215101,121,TT
AF13-103313,122,CT
AF16-289401,130,CT
AF16-197301,121,TT
AF16-289405,127,CT
AF16-197101,127,CT
AF16-289407,124,TT
AF16-291401,124,CT
AF16-289701,127,CT
AF16-197201,122,TT
AF16-208201,116,TT
AF16-197203,135,CC
AF16-208205,117,TT
AF16-197205,122,CT
AF16-208207,125,TT
AF16-197901,124,CT
AF16-208209,121,CT
AF16-197903,130,CT
AF16-208401,115,TT
AF16-208403,122,CT
AF16-208901,124,CT
AF16-198001,128,TT
AF16-208603,126,TT
AF16-213903,121,CT
AF12-129801,123,CT
AF16-215501,120,TT
AF13-197801,129,TT
AF16-215701,128,CT
AF13-134701,119,TT
AF16-215703,123,CT
AF12-411807,120,TT
AF16-215705,121,TT
AF13-253605,128,CT
AF16-216103,124,TT
AF12-139501,122,CT
AF16-216105,126,CT
AF13-175801,126,CC
AF16-215909,120,TT
AF13-158101,123,CT
AF16-215901,118,TT
AF13-252303,121,CC
AF16-215903,126,CC
AF13-182505,125,CT
AF16-215905,119,TT
AF12-198401,120,CT
AF16-215907,123,CT
AF12-405501,121,CT
AF13-187507,123,CC
AF16-230407,123,TT
AF13-123807,123,CT
AF16-284901,120,TT
AF13-248401,120,TT
AF16-284903,130,TT
AF13-173903,124,TT
AF16-285201,123,CT
AF12-408705,121,TT
AF16-285205,127,CT
AF13-107703,127,CT
AF16-231603,121,TT
AF13-209303,120,CT
AF16-231605,124,TT
AF14-284001,128,CT
AF16-233603,127,TT
AF14-179803,125,CT
AF16-235303,126,CT
AF14-141501,123,TT
AF16-284005,122,TT
AF14-128105,123,TT
AF16-236501,125,CC
AF14-166805,119,TT
AF16-236601,125,CC
AF17-104503,128,CT
AF17-104801,127,TT
AF17-104803,132,TT
AF17-104805,128,TT
AF17-105201,129,TT
AF17-105601,129,CC
AF17-105603,129,TT
AF17-106001,125,TT
AF17-105801,126,TT
AF17-105803,130,CT
AF17-106203,129,CT
AF14-279005,130,CT
AF16-237105,120,CT
AF14-139305,132,CT
AF16-238601,125,TT
AF14-304101,129,CT
AF16-237001,123,CT
AF14-191201,127,CT
AF16-237203,128,CT
AF14-277705,125,TT
AF16-237205,123,TT
AF14-147301,124,TT
AF16-237207,125,CT
AF14-130405,124,CC
AF16-283603,125,CT
AF16-283701,130,CT
AF13-182901,126,CC
AF16-283705,129,TT
AF13-213605,119,TT
AF16-237901,126,CC
AF13-252005,124,CT
AF16-283301,126,TT
AF13-142709,116,TT
AF16-238103,127,TT
AF17-009207,124,CT
AF17-106403,120,CT
AF17-106405,129,CC
AF17-298805,129,CT
AF17-106501,128,CC
AF17-009903,128,CT
AF17-009905,128,CT
AF17-011001,140,CT
AF17-107801,122,CT
AF17-011701,125,TT
AF17-106903,117,CT
AF13-139003,120,CT
AF16-238303,129,CC
AF16-239101,128,CT
AF14-116203,120,CT
AF16-283101,120,TT
AF14-273305,123,TT
AF16-283103,132,TT
AF14-273103,122,CT
AF16-283203,121,CT
AF14-273703,126,CT
AF16-283205,126,CC
AF16-283207,127,CC
AF14-274601,133,CT
AF16-238801,122,TT
AF14-282905,127,CT
AF16-239001,130,TT
AF16-177501,128,CT
AF16-282801,127,CT
AF16-153309,123,TT
AF16-282803,120,TT
AF16-131501,120,TT
AF16-239705,128,CT
AF17-106701,126,CT
AF17-012501,129,TT
AF17-107503,118,TT
AF17-011605,124,TT
AF17-107901,120,TT
AF17-107903,122,TT
AF17-108303,124,CT
AF17-015203,122,CT
AF17-298301,120,TT
AF17-108601,131,TT
AF17-108603,130,CT
AF16-298003,125,CT
AF16-240001,125,CT
AF16-131103,122,CT
AF16-240005,129,CC
AF15-199903,120,TT
AF16-240007,122,CT
AF16-161401,122,TT
AF16-240401,123,TT
AF15-291801,127,TT
AF16-241603,118,TT
AF15-177101,120,TT
AF16-241501,127,CT
AF15-229305,130,CT
AF16-241503,121,TT
AF15-102503,123,CT
AF16-241801,131,CT
AF15-204303,126,TT
AF16-241807,125,CT
AF16-153401,125,TT
AF16-240903,130,CT
AF15-167801,124,TT
AF16-240601,120,TT
AF15-132603,126,TT
AF16-240605,121,TT
AF17-108101,121,TT
AF17-108103,130,CC
AF17-108201,118,TT
AF17-108203,126,CT
AF17-109001,123,CT
AF17-108503,126,TT
AF17-108505,122,TT
AF17-108507,128,TT
AF17-109201,127,TT
AF17-109203,127,CT
AF17-109401,122,TT
AF17-109403,117,TT
AF15-298201,121,TT
AF16-240701,126,CT
AF16-226503,120,TT
AF16-240705,135,CC
AF16-286001,126,TT
AF17-299805,131,TT
AF16-286003,121,CT
AF17-100703,130,CT
AF16-227101,128,TT
AF17-100705,128,CT
AF16-227103,121,TT
AF17-100707,127,TT
AF16-285903,124,TT
AF17-100301,130,CT
AF16-285907,130,CC
AF17-100201,125,TT
AF16-226003,118,TT
AF17-100203,118,TT
AF16-226103,115,TT
AF17-299901,128,TT
AF17-299905,120,TT
AF17-100401,127,CT
AF17-109701,124,TT
AF17-109703,122,TT
AF17-109901,129,CC
AF17-110103,124,CT
AF17-110403,127,CT
AF17-110601,125,TT
AF17-110501,125,CT
AF17-017501,118,TT
AF17-017505,121,TT
AF17-111601,120,TT
AF17-111603,126,TT
AF17-111701,125,CT
AF16-227801,130,CC
AF17-100405,126,CT
AF16-227201,128,CT
AF17-101201,127,CT
AF17-101203,124,TT
AF17-002303,122,TT
AF16-227305,124,CT
AF17-299703,128,CT
AF16-227901,129,CT
AF17-299705,125,TT
AF16-227903,127,TT
AF17-101701,126,TT
AF16-227601,121,TT
AF17-101801,126,TT
AF17-101803,126,TT
AF16-227501,124,CT
AF17-101601,123,TT
AF16-227401,120,TT
AF17-101603,127,TT
AF16-227403,128,TT
AF17-102001,125,TT
AF17-111703,116,TT
AF17-111901,119,CT
AF17-111903,129,CT
AF17-111907,125,CT
AF17-112103,117,CT
AF17-112105,123,TT
AF17-112401,125,TT
AF17-112405,132,CT
AF17-112407,127,TT
AF17-019501,124,TT
AF17-113001,117,TT
AF17-113005,122,CT
AF17-102003,126,TT
AF16-228503,121,TT
AF17-102005,131,TT
AF16-229401,124,TT
AF17-102007,128,TT
AF16-229403,122,TT
AF17-102301,128,CT
AF16-285605,124,TT
AF17-101903,126,TT
AF16-229301,120,TT
AF17-101905,118,TT
AF17-004103,127,TT
AF16-229305,124,TT
AF17-102701,120,TT
AF16-228801,125,TT
AF17-102703,125,TT
AF16-228805,126,CT
AF17-103101,127,CT
AF17-102801,122,TT
AF16-229001,126,CT
AF17-004201,120,TT
AF17-020901,123,CT
AF17-112603,123,TT
AF17-112605,115,TT
AF17-022101,129,CT
AF17-112803,127,CT
AF17-112805,122,TT
AF17-113805,123,TT
AF17-297103,118,TT
AF17-113901,120,CT
AF17-296903,123,CT
AF16-229801,119,TT
AF17-004205,122,TT
AF16-229803,128,TT
AF17-103401,125,CT
AF17-103403,132,CT
AF16-230101,121,CT
AF17-103501,131,CC
AF16-230105,115,TT
AF17-103703,119,CC
AF16-230107,125,CT
AF17-103705,126,CT
AF16-230005,124,CT
AF17-104901,130,TT
AF16-230605,127,TT
AF17-104401,131,CC
AF16-230801,127,CT
AF17-104403,130,CC
AF16-230401,127,CT
AF17-104407,128,TT
AF16-230405,126,CT
AF17-104409,130,CC
AF17-024201,123,TT
AF17-024205,124,CT
AF17-024207,120,TT
AF17-296801,125,CT
AF17-296803,126,CT
AF17-114103,124,TT
AF17-296701,123,CT
AF17-296703,128,CT
AF17-114901,125,TT
AF17-114701,123,CT
AF17-114705,120,TT
AF17-114003,123,CT
AF18-128503,120,TT
AF18-039201,116,TT
AF18-128901,121,TT
AF18-128903,126,CC
AF18-129605,128,TT
AF18-130601,115,TT
AF18-130703,119,TT
AF18-130501,126,TT
AF18-130505,124,TT
AF18-130005,124,CT
AF18-039705,122,TT
AF18-130901,116,TT
AF18-045805,139,CT
AF18-047703,124,TT
AF18-047705,124,TT
AF18-048503,125,CT
AF18-136501,119,TT
AF18-116501,123,CT
AF18-022603,126,CC
AF18-022203,132,CT
AF18-118103,126,CT
AF18-117703,121,TT
AF18-117705,120,TT
AF18-118301,120,CT
AF18-118305,114,CT
AF18-118307,116,TT
AF18-025101,123,TT
AF18-026501,123,TT
AF18-122007,121,TT
AF18-122009,125,TT
AF18-122501,120,CT
AF18-027203,119,TT
AF18-123501,122,TT
AF18-123503,121,TT
AF18-028901,132,CT
AF18-028903,128,CT
AF18-125001,120,TT
AF18-125003,121,CT
AF18-030901,116,TT
AF18-125601,122,TT
AF18-126601,123,TT
AF18-036201,122,CT
AF18-036203,119,TT
AF18-036207,122,TT
AF18-036209,118,TT
AF18-036211,121,CT
AF18-126403,117,TT
AF18-126501,123,TT
AF18-126503,115,TT
AF18-127001,124,CC
AF18-126807,118,CT
AF18-126809,121,CT
AF18-036001,127,CT
AF18-127701,126,TT
AF18-127703,122,CT
AF18-127903,119,TT
AF18-114901,126,TT
AF18-114903,123,TT
AF18-115005,123,TT
AF18-114807,125,TT
AF17-116401,129,CT
AF17-025501,123,CT
AF17-115201,124,TT
AF17-114201,120,TT
AF17-114203,122,TT
AF17-114205,122,TT
AF17-026803,121,TT
AF17-026805,121,TT
AF17-115401,122,TT
AF17-115403,115,TT
AF17-115405,118,TT
AF17-115407,120,TT
AF17-116001,121,TT
AF17-115703,122,TT
AF17-115301,119,TT
AF17-118001,124,TT
AF17-118005,122,CT
AF17-116701,123,TT
AF17-116703,121,CT
AF17-116803,124,CT
AF17-117403,126,CT
AF17-117405,118,CT
AF17-028101,128,CT
AF17-028103,123,CT
AF17-118203,122,CT
AF17-118205,130,CT
AF17-118207,120,TT
AF17-117301,129,CT
AF17-118903,123,CT
AF17-296603,130,CT
AF17-296605,125,CT
AF17-118603,123,CT
AF17-119503,123,CT
AF17-119203,119,TT
AF17-120001,125,CT
AF17-119601,122,CT
AF17-296307,123,CT
AF17-296407,121,CT
AF17-122801,123,TT
AF17-122803,125,TT
AF17-122805,124,TT
AF17-121301,121,TT
AF17-121303,124,TT
AF17-121307,124,TT
AF17-121801,121,TT
AF17-121803,125,TT
AF17-121805,126,TT
AF17-122601,124,TT
AF17-122603,121,TT
AF17-122701,123,TT
AF17-122001,121,TT
AF17-122003,126,TT
AF17-121505,126,CT
AF17-121507,132,TT
AF17-123101,133,CT
AF17-123203,124,CT
AF17-121401,120,CT
AF17-121403,123,CT
AF17-123601,120,TT
AF17-123301,120,TT
AF17-123303,124,TT
AF17-037301,117,CC
AF17-037303,123,CC
AF17-037305,129,CC
AF17-123403,131,CT
AF17-123405,127,TT
AF17-037801,121,TT
AF17-295701,127,CT
AF17-124401,128,CT
AF17-124407,117,CT
AF17-125201,128,CT
AF17-039801,123,TT
AF17-039803,118,TT
AF17-039805,125,CT
AF17-039101,122,TT
AF17-039103,120,TT
AF17-039005,125,TT
AF17-039401,126,CC
AF17-039403,120,CT
AF17-039405,119,TT
AF17-125601,122,TT
AF17-039503,116,CT
AF17-124603,123,CC
AF17-040801,116,TT
AF17-125409,116,TT
AF17-041501,117,TT
AF17-041503,124,TT
AF18-112201,121,CT
AF18-112205,122,CT
AF18-114401,119,TT
AF18-115101,124,TT
AF18-103603,122,TT
AF18-104401,119,TT
AF18-111203,120,TT
AF18-105703,117,TT
AF18-105705,120,CT
AF18-107801,120,TT
AF18-108501,118,CT
AF18-108503,120,TT
AF18-108505,116,TT
AF18-111201,116,TT
AF17-041507,118,TT
AF17-136001,125,CT
AF17-126003,127,CT
AF17-136003,122,TT
AF17-126005,126,CC
AF17-136005,121,TT
AF17-125801,125,CC
AF17-136403,122,CT
AF17-295303,124,CT
AF17-136405,116,CT
AF17-295307,130,CT
AF17-136407,126,CT
AF17-126101,110,TT
AF17-137405,121,CT
AF17-126103,123,CT
AF17-060605,121,CT
AF17-126105,119,TT
AF17-137101,115,TT
AF17-126107,127,CT
AF17-292601,112,TT
AF17-126301,125,TT
AF17-137001,122,TT
AF17-042105,123,TT
AF17-137007,121,CT
AF17-041903,125,TT
AF17-137009,121,CT
AF17-126801,120,TT
AF17-126803,110,TT
AF17-137303,131,CC
AF17-126601,118,TT
AF17-292905,122,TT
AF17-126603,126,TT
AF17-137203,120,TT
AF17-126705,118,CT
AF17-138301,118,CT
AF17-127101,124,CT
AF17-138401,117,CT
AF17-126901,126,TT
AF17-137607,125,TT
AF17-127701,122,TT
AF17-127703,126,TT
AF17-062901,122,CT
AF17-127901,129,TT
AF17-137801,120,TT
AF17-127903,129,TT
AF17-137803,121,TT
AF17-127905,125,TT
AF17-137701,124,CT
AF17-127907,128,TT
AF17-137705,118,CT
AF17-128101,124,TT
AF17-137707,121,TT
AF17-294805,122,TT
AF17-063103,127,CT
AF17-294807,120,TT
AF17-063107,131,CT
AF17-129205,121,TT
AF17-063501,123,CT
AF17-044701,118,TT
AF17-063503,120,TT
AF17-128301,117,CT
AF17-292501,127,CC
AF17-129405,128,CT
AF17-292401,124,TT
AF17-129407,127,TT
AF17-138907,121,TT
AF17-129801,125,CC
AF17-139203,119,TT
AF17-129805,127,CC
AF17-139205,116,TT
AF17-046703,124,CT
AF17-140401,123,CC
AF17-046705,123,CT
AF17-140701,120,CT
AF17-048201,119,TT
AF17-292101,120,TT
AF17-048901,123,CT
AF17-048903,116,CT
AF17-140605,121,CT
AF17-048905,122,CT
AF17-140607,122,CT
AF17-130501,129,CT
AF17-130503,120,TT
AF17-141501,115,TT
AF17-130505,119,TT
AF17-294601,127,TT
AF17-294603,119,TT
AF17-141201,119,TT
AF17-130803,117,TT
AF17-143003,117,TT
AF17-130901,120,TT
AF17-141003,116,TT
AF17-130903,122,TT
AF17-142001,120,CT
AF17-130401,118,TT
AF17-142301,123,TT
AF17-130405,122,TT
AF17-142303,121,TT
AF17-050203,120,CT
AF17-142305,122,TT
AF17-131301,117,TT
AF17-142307,119,TT
AF17-131305,122,CT
AF17-142701,120,TT
AF17-142703,124,TT
AF17-132003,120,CT
AF17-142901,122,TT
AF17-132403,123,TT
AF17-142903,126,CC
AF17-132407,123,TT
AF17-142803,120,TT
AF17-133001,125,CT
AF18-100009,117,TT
AF18-101001,127,CT
AF18-101405,120,TT
AF18-101407,128,TT
AF18-102001,120,TT
AF18-102201,122,CT
AF18-101207,120,TT
AF18-136505,126,TT
AF17-133003,122,CT
AF17-071001,122,CT
AF17-133505,129,TT
AF17-071003,122,TT
AF17-133201,124,CT
AF17-071007,117,CT
AF17-133205,123,CT
AF17-142403,126,CT
AF17-133805,124,CC
AF17-133807,124,CT
AF17-142409,131,CC
AF17-294201,125,CT
AF17-143101,120,TT
AF17-056001,115,TT
AF17-143103,116,TT
AF17-055801,121,CC
AF17-143105,120,TT
AF17-055803,121,CT
AF17-143301,129,CC
AF17-293401,118,TT
AF17-143303,125,CC
AF17-293403,126,CC
AF17-143307,126,CT
AF18-138101,132,TT
AF18-138103,129,TT
AF18-139203,130,TT
AF18-054801,127,TT
AF18-140605,129,TT
AF18-141101,126,CT
AF18-141103,131,CT
AF18-141501,126,CT
AF18-141507,124,TT
AF18-143701,129,TT
AF18-144403,118,TT
AF17-134203,125,TT
AF17-072803,125,TT
AF17-133901,125,CT
AF17-072805,124,CC
AF17-134301,121,CT
AF17-055501,120,TT
AF17-144301,128,CT
AF17-055505,121,TT
AF17-144305,122,CT
AF17-134003,121,CC
AF17-073801,122,TT
AF17-135103,123,TT
AF17-144701,121,CT
AF17-293103,118,TT
AF17-144201,122,CT
AF17-135207,122,TT
AF17-145401,124,TT
AF17-058801,127,CT
AF17-145403,122,TT
AF17-058803,128,CT
AF17-145001,125,CT
AF17-135603,129,CC
AF17-145005,122,CT
AF18-061905,130,TT
AF18-061907,128,CT
AF17-203003,121,TT
AF17-202901,123,CT
AF17-202903,124,CC
AF16-220601,128,CT
AF17-202907,127,CT
AF17-203101,122,TT
AF17-203503,127,CT
AF17-203507,128,CT
AF17-135605,126,CT
AF17-145701,121,CT
AF17-135501,121,TT
AF17-291503,121,TT
AF17-135503,126,CC
AF17-291505,125,CT
AF17-135505,125,CT
AF17-291509,121,CT
AF17-135509,123,CT
AF17-146501,128,CC
AF17-059407,129,CT
AF17-146301,130,CT
AF17-292801,127,CT
AF17-146101,123,CT
AF17-135401,130,CT
AF17-146103,130,CC
AF17-135403,129,CT
AF17-145903,124,CT
AF17-135405,129,CC
AF17-147001,121,TT
AF17-135407,124,CT
AF17-147003,121,TT
AF17-135409,122,CC
AF17-147007,119,TT
AF17-203509,128,CT
AF17-203801,121,TT
AF17-204301,127,CC
AF17-204303,122,CT
AF17-204001,126,TT
AF17-204005,122,TT
AF17-204009,117,TT
AF17-204011,123,TT
AF17-204401,121,CT
AF17-204403,122,CT
AF17-204405,121,CT
AF17-283001,127,TT
AF17-147601,119,TT
AF17-147603,118,TT
AF17-147605,123,TT
AF17-147301,122,CT
AF17-147503,118,CT
AF17-147405,125,CT
AF17-078907,128,CT
AF17-148901,124,CT
AF17-148905,126,TT
AF17-148701,121,CT
AF17-081405,124,CT
AF17-082301,121,TT
AF17-083703,123,TT
AF17-149705,119,CT
AF17-150001,120,CT
AF17-150003,121,TT
AF17-150007,126,TT
AF17-083901,121,TT
AF17-150101,124,CT
AF17-150103,125,CC
AF17-150105,115,TT
AF17-150301,117,CT
AF17-150303,122,CT
AF17-150903,118,CC
AF17-150205,122,TT
AF17-150403,125,CC
AF17-150405,116,CT
AF17-085101,121,CT
AF17-085701,119,TT
AF17-151105,124,TT
AF17-151107,123,TT
AF17-151801,123,CT
AF17-151803,120,TT
AF17-085503,126,TT
AF17-086901,120,TT
AF17-086903,118,CT
AF17-087101,121,TT
AF17-087105,119,CT
AF17-087601,116,TT
AF17-087603,115,TT
AF17-087605,123,TT
AF17-087607,115,TT
AF17-087001,121,TT
AF17-086601,117,TT
AF17-290801,121,TT
AF17-152601,130,CT
AF17-152603,126,CT
AF17-088605,119,CT
AF17-152801,118,TT
AF17-290201,115,CT
AF17-290203,120,CT
AF17-154101,117,TT
AF17-154601,115,TT
AF17-154607,121,CT
AF17-290101,117,TT
AF17-153601,120,TT
AF17-153605,115,TT
AF17-154803,118,CT
AF17-289901,124,TT
AF17-289903,124,TT
AF17-154703,115,CT
AF17-155103,124,CT
AF17-155109,117,CT
AF17-155703,124,CC
AF17-093603,123,TT
AF17-156403,127,TT
AF17-158005,123,TT
AF17-157001,124,CT
AF17-156501,129,TT
AF17-157301,128,TT
AF17-157303,126,TT
AF17-157305,125,TT
AF17-157801,121,TT
AF17-097001,126,CT
AF17-097003,122,TT
AF17-158201,127,CT
AF17-096601,125,CT
AF17-096603,123,TT
AF17-158401,124,TT
AF17-158403,124,TT
AF17-099101,123,CC
AF17-159601,119,TT
AF17-159301,124,CT
AF17-159303,123,TT
AF17-159305,121,CT
AF17-159505,121,TT
AF17-159905,121,CT
AF17-160001,126,CC
AF17-160005,123,CT
AF17-300101,121,TT
AF17-160609,126,TT
AF17-160501,124,CT
AF17-160503,120,TT
AF17-283003,126,CT
AF17-283005,124,CT
AF17-283007,121,TT
AF17-206601,125,TT
AF17-217205,130,CC
AF17-207403,123,CT
AF17-207901,128,CT
AF17-207903,129,CT
AF17-207907,128,CT
AF17-208501,129,CT
AF17-208503,120,TT
AF17-209501,115,TT
AF17-209201,121,TT
AF17-209203,123,TT
AF17-209205,124,CT
AF17-209007,125,TT
AF17-209901,120,TT
AF17-209903,118,TT
AF17-210101,127,CC
AF17-210103,130,CC
AF17-210601,123,CT
AF17-282201,126,CC
AF17-282203,127,CT
AF17-282205,127,CT
AF17-282207,123,CT
AF17-282209,122,TT
AF17-210701,129,CC
AF17-212501,124,TT
AF17-212503,120,TT
AF17-212101,123,TT
AF17-212103,124,TT
AF17-212403,121,TT
AF17-212301,125,CT
AF17-212303,125,CT
AF17-213101,130,CT
AF17-212601,126,CC
AF17-212603,123,CC
AF17-213401,119,TT
AF17-212901,125,CC
AF17-212903,126,CT
AF17-214401,123,TT
AF17-215203,124,TT
AF17-216103,121,TT
AF17-216105,126,TT
AF17-216107,124,TT
AF17-216701,121,TT
AF17-216707,125,TT
AF17-216901,122,TT
AF17-216903,129,TT
AF17-217201,122,TT
AF17-217203,120,TT
AF17-217301,123,CT
AF17-217401,121,CT
AF17-220301,118,TT
AF17-220201,119,TT
AF17-221505,130,TT
AF17-221507,127,TT
AF17-222903,125,TT
AF17-222905,123,CT
AF17-222907,120,TT
AF17-222301,133,CC
AF17-222303,129,TT
AF17-225101,127,CT
AF17-224903,128,CT
AF17-224907,125,CT
AF17-224401,128,CT
AF17-225001,122,TT
AF17-196003,120,CT
AF17-196401,121,TT
AF17-196405,116,TT
AF17-197501,116,CT
AF17-197509,126,CC
AF17-284105,127,CT
AF17-283901,127,TT
AF17-283903,124,TT
AF17-199303,127,CT
AF17-199305,123,TT
AF17-199307,126,CT
AF17-200201,126,CT
AF17-200203,124,TT
AF17-200205,119,CT
AF17-199801,126,TT
AF17-199803,125,CT
AF17-200101,128,CT
AF17-200103,128,CC
AF17-199701,130,CC
AF17-199703,129,CC
AF17-199705,123,CT
AF17-199707,118,TT
AF17-195801,119,CT
AF17-200701,130,CT
AF17-200601,119,TT
AF17-200901,131,TT
AF17-201501,121,TT
AF17-201503,121,TT
AF17-201301,131,CT
AF17-201303,130,CT
AF17-202101,125,TT
AF17-202103,124,TT
AF17-202105,126,TT
AF17-202109,128,TT
AF17-202701,124,CT
AF17-202705,126,CC
AF17-202707,126,TT
AF17-160505,127,CC
AF17-160507,120,TT
AF17-160401,125,CC
AF17-160403,129,CT
AF17-160405,123,TT
AF17-300401,128,CC
AF17-300403,128,CC
AF17-300405,121,TT
AF17-300407,121,CT
AF17-160101,123,TT
AF17-160103,121,TT
AF17-160803,119,TT
AF17-160805,120,CT
AF17-160701,125,TT
AF17-160703,120,TT
AF17-160705,120,TT
AF17-160707,122,TT
AF17-160709,122,TT
AF17-160711,126,TT
AF17-161001,121,TT
AF17-161801,120,CT
AF17-162101,122,TT
AF17-162103,123,TT
AF17-162105,124,TT
AF17-162107,123,TT
AF17-162401,124,TT
AF17-162403,120,CT
AF17-162405,119,CT
AF17-162201,120,TT
AF17-289503,128,CT
AF17-289701,118,TT
AF17-289603,124,TT
AF17-289605,121,CT
AF17-289609,117,TT
AF17-162901,112,TT
AF17-162907,120,TT
AF17-162701,118,TT
AF17-162703,118,TT
AF17-162705,123,CC
AF17-162707,120,TT
AF17-163601,120,CT
AF17-163603,123,TT
AF17-163101,125,TT
AF17-163405,127,CT
AF17-163407,124,CT
AF17-163505,123,CT
AF17-163201,122,CT
AF17-163203,125,CT
AF17-306203,121,TT
AF17-306205,116,TT
AF17-164003,131,CT
AF17-164401,121,CT
AF17-164405,118,CT
AF17-163701,113,TT
AF17-163703,125,CT
AF17-163705,118,TT
AF17-164101,124,TT
AF17-164205,124,TT
AF17-164301,123,CT
AF17-164305,120,TT
AF17-289201,122,CT
AF17-166101,125,CT
AF17-165603,123,TT
AF17-165605,120,TT
AF17-289301,124,CT
AF17-289305,125,CT
AF17-165501,123,TT
AF17-165903,124,TT
AF17-307201,121,CT
AF17-307203,126,CT
AF17-166001,127,CT
AF17-166003,122,TT
AF17-166005,128,CT
AF17-308201,127,CT
AF17-167401,120,CT
AF17-167403,126,CT
AF17-167201,127,TT
AF17-166701,128,CT
AF17-166703,128,CT
AF17-166705,123,CT
AF17-167001,125,CT
AF17-167005,127,CT
AF17-308803,118,TT
AF17-308805,122,TT
AF17-310301,125,TT
AF15-288803,120,TT
AF15-216701,126,CC
AF15-217301,123,TT
AF15-217401,121,TT
AF15-218301,121,TT
AF16-121503,125,CT
AF16-127305,130,CT
AF16-128405,130,CT
AF15-100101,128,TT
AF15-191703,121,TT
AF15-194301,130,CT
AF15-194303,130,CT
AF15-198305,122,TT
AF16-202507,125,TT
AF16-207703,132,TT
AF17-203707,127,CT
AF17-209703,121,TT
AF17-207701,121,CT
AF17-209705,126,TT
AF16-207801,121,TT
AF16-207805,126,CT
AF16-287901,125,CT
AF16-287201,123,TT
AF16-287003,127,CT
AF16-221301,121,CC
AF16-221501,127,TT
AF16-224101,128,CC
AF16-237703,121,TT
AF16-239103,123,TT
AF16-238803,126,TT
AF16-238805,129,CT
AF16-239703,125,TT
AF16-240009,127,TT
AF16-241805,128,TT
AF17-100303,124,TT
AF17-101001,128,CT
AF17-101003,125,CT
AF17-002301,124,TT
AF17-004503,124,TT
AF17-102803,127,TT
AF17-005305,128,CT
AF17-006105,121,CT
AF17-103701,127,CT
AF17-107405,126,TT
AF17-107303,127,CT
AF17-109501,128,TT
AF17-118807,133,CT
AF17-119001,126,CT
AF17-036103,125,TT
AF17-036101,129,TT
AF17-037307,125,CT
AF17-123801,125,TT
AF17-049001,122,CT
AF17-049007,122,CT
AF17-293707,117,TT
AF17-137011,120,TT
AF17-139801,125,CC
AF17-141603,123,CT
AF17-141701,120,TT
AF17-070801,120,CT
AF17-137709,NA,TT
AF17-042103,NA,TT
AF17-141703,NA,TT
AF17-139709,NA,CT
AF17-111801,122,CT
AF17-045601,NA,TT
AF17-024301,125,CT
AF17-128401,NA,TT
AF17-141005,NA,TT
AF17-141203,NA,TT
AF17-131801,NA,TT
AF16-225503,NA,CT
AF17-182303,120,TT
AF17-286701,122,TT
AF17-190901,124,CT
AF17-198801,120,TT
AF17-199501,122,CT
AF17-283403,123,TT
AF17-283503,121,TT
AF17-283603,121,TT
AF17-202001,126,TT
AF17-220501,117,TT
AF18-105903,124,CT
AF18-107603,127,TT
AF18-106803,123,TT
AF18-108305,120,CT
AF18-108311,116,TT
AF18-111001,122,CT
AF18-115303,120,TT
AF18-123601,122,TT
AF18-123607,124,TT
AF18-124401,123,CT
AF18-124107,118,TT
AF18-033005,119,TT
AF18-035301,118,TT
AF18-038801,122,TT
AF18-038805,127,TT
AF18-131201,127,CT
AF18-134205,131,CT
AF18-134207,126,TT
AF18-047101,122,TT
AF18-135201,127,TT
AF18-134905,124,CT
AF18-173703,127,TT
AF18-174205,130,TT
AF18-171201,125,TT
AF18-171205,127,TT
AF18-172201,126,TT
AF18-300101,126,TT
AF18-175805,123,TT
AF18-178703,122,TT
AF18-326005,126,CT
AF14-142701,126,CT
AF14-097001,NA,CT
AF18-128205,NA,CT
AF18-033011,NA,CT
AF18-030601,NA,TT
AF18-033803,NA,TT
AF18-122505,NA,CT
AF17-147705,123,CT
AF17-225003,132,CC
